first_pca,second_pca
0.11353368351619052,-0.6657420249236257
0.700006074995703,0.03637856956354446
0.04074483684040706,0.5571068490974861
0.6995660322649923,0.04336259559121261
-0.04532810908957802,-0.31714997670963013
0.05750024827926824,-0.22038265254755943
0.009372524161617444,-0.060089881808688766
0.002368745529152578,0.23388770557614671
0.02438137112354113,-0.1890738636964178
