first_pca,second_pca,ind
-0.34554780519077344,-0.5610639728832385,Country
0.11423159754772721,0.41292709983736114,Brand
-0.5013420704821561,0.26008922540404833,ABV
0.423275756933747,-0.4532784853306831,Categories
0.17521341332478083,-0.05203394532424203,Rate Count
-0.33099489226156675,0.32618269609823974,Price
0.544779092379833,0.3639889495815812,region
