first_pca,second_pca,ind
-0.010531827546699115,-0.7266997406697895,Country
-0.29067735247190357,0.03403392899448517,Consumption
-0.44505960633865776,-0.16744863020757317,GDP
0.025834212495219697,0.6236040870951496,Population
-0.5112578746862234,0.10704049407822823,life_expect
-0.4754575428950591,-0.10653298737520771,HappinessScore
0.4787544340415037,-0.17612817098889422,adult_mortality
