first_pca,second_pca,ind
-0.6401108627189059,-0.27740462755763134,Country
0.0733061470576838,0.28193081609760096,Brand
-0.26948071029653503,0.5577040775766694,ABV
0.23022945174524748,-0.5112481910687589,Categories
0.028402275203067148,-0.15839149823813714,Rate Count
-0.1558347571133825,0.4455463314848026,Price
-0.6589140139643983,-0.21806819188901164,region
