first_pca,second_pca,ind
0.03927254789319854,-0.7994075189246358,Country
0.3721638238082625,0.22180110387178842,Consumption
0.5213906769901432,-0.09879614560002227,GDP
-0.06033557445177361,0.5361141807438603,Population
0.5339398721411628,0.11066870486590712,life_expect
0.5471483789353685,-0.04822067597239434,HappinessScore
