first_pca,second_pca,ind
-0.6445340081018713,-0.1527735128341932,Country
-0.14447411994138812,0.11506213441789681,Brand
-0.47058523060645235,0.48748684494063027,Categories
-0.1403937986056222,0.6830007187185495,ABV
0.5531988831764231,0.3553569272047097,region
0.1285039251066352,0.36470399987784524,Price
