first_pca,second_pca,ind
0.0,-0.0,Country
-0.4558166396002987,-0.7448084646778732,Brand
-0.722716322601743,-0.009876087087595605,Categories
0.5195308538561539,-0.6672052261845883,ABV
0.0,-0.0,region
