first_pca,second_pca,ind
-0.608812599557629,0.3350983207427949,Country
0.06327461836319989,-0.3138878806035701,Brand
-0.2957131358541304,-0.5604876444940318,ABV
0.23068707404236471,0.4508763606183058,Categories
0.03451819421234452,0.16608486756592836,Rate Count
-0.2943001743710372,-0.41118898762873896,Price
-0.6299814743922694,0.2740201723763087,region
