first_pca,second_pca,ind
-0.6445340081018754,-0.15277351283419455,Country
-0.1444741199413881,0.11506213441789727,Brand
-0.4705852306064513,0.4874868449406324,Categories
-0.1403937986056218,0.6830007187185487,ABV
0.5531988831764197,0.35535692720470974,region
0.1285039251066345,0.36470399987784463,Price
