first_pca,second_pca,ind
0.04001444225035465,-0.7986428664389777,Country
0.37205660218811953,0.21947038347008183,Consumption
0.5214428666200556,-0.09835731670412041,GDP
-0.05977018362216293,0.5380692218185975,Population
0.5339084680417023,0.11199947035653678,life_expect
0.5472105069658473,-0.04760033705530318,HappinessScore
