first_pca,second_pca,ind
0.03316292037558621,-0.7686071773772425,Country
0.363524746104418,0.2692219859409198,Consumption
0.5269021937130264,-0.0902614765614027,GDP
-0.05604042645326874,0.5648191781989917,Population
0.5410084749696608,0.07531795937432907,life_expect
0.541565654889802,-0.06262504254268435,HappinessScore
