first_pca,second_pca,ind
0.0,-0.0,Country
-0.45581663960029867,-0.7448084646778734,Brand
-0.722716322601743,-0.009876087087595773,Categories
0.5195308538561545,-0.667205226184588,ABV
0.0,-0.0,region
