first_pca,second_pca,ind
0.0,0.0,Country
-0.5767569317259524,-0.5784030997306823,Brand
-0.7214137336056485,0.02928656025951185,Categories
0.38329318630941495,-0.8152252152688265,ABV
0.0,0.0,region
