first_pca,second_pca,ind
-0.6555329937480492,-0.09052337457830183,Country
-0.10559641166952848,0.2773711060322976,Brand
0.2291554092574271,-0.6608466500537896,Categories
0.12359184881233161,0.6895586582759041,ABV
0.7009555943606206,0.051588274857723763,region
