first_pca,second_pca,ind
-0.6709041214539022,-0.14711115367777244,Country
-0.1226989131200771,0.27226905143532726,Brand
0.19941853764678802,-0.6461888287967156,Categories
0.04796409562750897,0.6962902415192306,ABV
-0.7019717436683407,-0.04298568596081778,region
