first_pca,second_pca,ind
-0.34554780519077544,-0.5610639728832411,Country
0.11423159754772941,0.41292709983735326,Brand
-0.5013420704821551,0.2600892254040475,ABV
0.4232757569337471,-0.4532784853306873,Categories
0.1752134133247805,-0.05203394532424142,Rate Count
-0.3309948922615654,0.32618269609824246,Price
0.544779092379834,0.3639889495815797,region
