first_pca,second_pca,ind
0.0,0.0,Country
0.5249946878938232,-0.41845707516875724,Brand
0.6469336812026919,0.1536238225631036,Categories
-0.26458863834573665,-0.8665659376595354,ABV
0.0,0.0,region
0.4856441518922567,-0.2244033713440145,Price
