first_pca,second_pca
0.5843145405816875,-0.33508899404820847
0.3712520563647725,0.5943957588507163
-0.14648495101200018,0.1940486251475955
0.3658969943532679,0.5982666584582177
0.09626301345278003,-0.15121094745567684
0.10514317935750839,-0.0194350746881997
0.009028352978503202,0.002555915471356779
-0.05472455509831839,0.057104691359922785
0.024260062081075468,0.006049728388883369
0.5843145405816872,-0.33508899404820813
