first_pca,second_pca,ind
0.0,0.0,Country
0.5249946878938224,-0.41845707516875724,Brand
0.6469336812026921,0.15362382256310309,Categories
-0.2645886383457373,-0.8665659376595349,ABV
3.469446951953614e-18,1.1102230246251565e-16,region
0.4856441518922563,-0.22440337134401422,Price
