first_pca,second_pca,ind
-0.6709041214538987,-0.1471111536777727,Country
-0.12269891312007761,0.27226905143532837,Brand
0.19941853764678982,-0.6461888287967151,Categories
0.04796409562750906,0.696290241519231,ABV
-0.7019717436683431,-0.04298568596082005,region
