first_pca,second_pca,ind
-0.405665075578882,0.3942909855237059,Country
0.10468403269063782,-0.6525996175790347,Brand
-0.4559937832406063,-0.4000327436862528,ABV
0.453848657461276,0.24986414701998935,Categories
0.13388592584965453,0.08033913999286575,Rate Count
-0.25955786334006264,-0.32803322166088383,Price
0.5703266081461078,-0.2865831431805653,region
